"row_id","icd9_code","short_title","long_title"
175,"01170","TB pneumothorax-unspec","Tuberculous pneumothorax, unspecified"
176,"01171","TB pneumothorax-no exam","Tuberculous pneumothorax, bacteriological or histological examination not done"
177,"01172","TB pneumothorx-exam unkn","Tuberculous pneumothorax, bacteriological or histological examination unknown (at present)"
178,"01173","TB pneumothorax-micro dx","Tuberculous pneumothorax, tubercle bacilli found (in sputum) by microscopy"
179,"01174","TB pneumothorax-cult dx","Tuberculous pneumothorax, tubercle bacilli not found (in sputum) by microscopy, but found by bacterial culture"
180,"01175","TB pneumothorax-histo dx","Tuberculous pneumothorax, tubercle bacilli not found by bacteriological examination, but tuberculosis confirmed histologically"
181,"01176","TB pneumothorax-oth test","Tuberculous pneumothorax, tubercle bacilli not found by bacteriological or histological examination, but tuberculosis confirmed by other methods [inoculation of animals]"
182,"01180","Pulmonary TB NEC-unspec","Other specified pulmonary tuberculosis, unspecified"
183,"01181","Pulmonary TB NEC-no exam","Other specified pulmonary tuberculosis, bacteriological or histological examination not done"
184,"01182","Pulmon TB NEC-exam unkn","Other specified pulmonary tuberculosis, bacteriological or histological examination unknown (at present)"
185,"01183","Pulmon TB NEC-micro dx","Other specified pulmonary tuberculosis, tubercle bacilli found (in sputum) by microscopy"
186,"01184","Pulmon TB NEC-cult dx","Other specified pulmonary tuberculosis, tubercle bacilli not found (in sputum) by microscopy, but found by bacterial culture"
187,"01185","Pulmon TB NEC-histo dx","Other specified pulmonary tuberculosis, tubercle bacilli not found by bacteriological examination, but tuberculosis confirmed histologically"
188,"01186","Pulmon TB NEC-oth test","Other specified pulmonary tuberculosis, tubercle bacilli not found by bacteriological or histological examination, but tuberculosis confirmed by other methods [inoculation of animals]"
189,"01190","Pulmonary TB NOS-unspec","Pulmonary tuberculosis, unspecified, unspecified"
190,"01191","Pulmonary TB NOS-no exam","Pulmonary tuberculosis, unspecified, bacteriological or histological examination not done"
191,"01192","Pulmon TB NOS-exam unkn","Pulmonary tuberculosis, unspecified, bacteriological or histological examination unknown (at present)"
192,"01193","Pulmon TB NOS-micro dx","Pulmonary tuberculosis, unspecified, tubercle bacilli found (in sputum) by microscopy"
193,"01194","Pulmon TB NOS-cult dx","Pulmonary tuberculosis, unspecified, tubercle bacilli not found (in sputum) by microscopy, but found by bacterial culture"
194,"01195","Pulmon TB NOS-histo dx","Pulmonary tuberculosis, unspecified, tubercle bacilli not found by bacteriological examination, but tuberculosis confirmed histologically"
195,"01196","Pulmon TB NOS-oth test","Pulmonary tuberculosis, unspecified, tubercle bacilli not found by bacteriological or histological examination, but tuberculosis confirmed by other methods [inoculation of animals]"
203,"01210","TB thoracic nodes-unspec","Tuberculosis of intrathoracic lymph nodes, unspecified"
204,"01211","TB thorax node-no exam","Tuberculosis of intrathoracic lymph nodes, bacteriological or histological examination not done"
205,"01212","TB thorax node-exam unkn","Tuberculosis of intrathoracic lymph nodes, bacteriological or histological examination unknown (at present)"
206,"01213","TB thorax node-micro dx","Tuberculosis of intrathoracic lymph nodes, tubercle bacilli found (in sputum) by microscopy"
207,"01214","TB thorax node-cult dx","Tuberculosis of intrathoracic lymph nodes, tubercle bacilli not found (in sputum) by microscopy, but found by bacterial culture"
208,"01215","TB thorax node-histo dx","Tuberculosis of intrathoracic lymph nodes, tubercle bacilli not found by bacteriological examination, but tuberculosis confirmed histologically"
209,"01216","TB thorax node-oth test","Tuberculosis of intrathoracic lymph nodes, tubercle bacilli not found by bacteriological or histological examination, but tuberculosis confirmed by other methods [inoculation of animals]"
210,"01220","Isol tracheal tb-unspec","Isolated tracheal or bronchial tuberculosis, unspecified"
211,"01221","Isol tracheal tb-no exam","Isolated tracheal or bronchial tuberculosis, bacteriological or histological examination not done"
212,"01222","Isol trach tb-exam unkn","Isolated tracheal or bronchial tuberculosis, bacteriological or histological examination unknown (at present)"
213,"01223","Isolat trach tb-micro dx","Isolated tracheal or bronchial tuberculosis, tubercle bacilli found (in sputum) by microscopy"
214,"01224","Isol tracheal tb-cult dx","Isolated tracheal or bronchial tuberculosis, tubercle bacilli not found (in sputum) by microscopy, but found by bacterial culture"
215,"01225","Isolat trach tb-histo dx","Isolated tracheal or bronchial tuberculosis, tubercle bacilli not found by bacteriological examination, but tuberculosis confirmed histologically"
216,"01226","Isolat trach tb-oth test","Isolated tracheal or bronchial tuberculosis, tubercle bacilli not found by bacteriological or histological examination, but tuberculosis confirmed by other methods [inoculation of animals]"
217,"01230","TB laryngitis-unspec","Tuberculous laryngitis, unspecified"
218,"01231","TB laryngitis-no exam","Tuberculous laryngitis, bacteriological or histological examination not done"
219,"01232","TB laryngitis-exam unkn","Tuberculous laryngitis, bacteriological or histological examination unknown (at present)"
220,"01233","TB laryngitis-micro dx","Tuberculous laryngitis, tubercle bacilli found (in sputum) by microscopy"
221,"01234","TB laryngitis-cult dx","Tuberculous laryngitis, tubercle bacilli not found (in sputum) by microscopy, but found by bacterial culture"
222,"01235","TB laryngitis-histo dx","Tuberculous laryngitis, tubercle bacilli not found by bacteriological examination, but tuberculosis confirmed histologically"
604,"01792","TB organ NEC-exam unkn","Tuberculosis of other specified organs, bacteriological or histological examination unknown (at present)"
223,"01236","TB laryngitis-oth test","Tuberculous laryngitis, tubercle bacilli not found by bacteriological or histological examination, but tuberculosis confirmed by other methods [inoculation of animals]"
243,"00320","Local salmonella inf NOS","Localized salmonella infection, unspecified"
246,"00323","Salmonella arthritis","Salmonella arthritis"
248,"00329","Local salmonella inf NEC","Other localized salmonella infections"
249,"0038","Salmonella infection NEC","Other specified salmonella infections"
256,"0049","Shigellosis NOS","Shigellosis, unspecified"
268,"01676","TB fem gen NEC-oth test","Tuberculosis of other female genital organs, tubercle bacilli not found by bacteriological or histological examination, but tuberculosis confirmed by other methods [inoculation of animals]"
269,"01690","Gu TB NOS-unspec","Genitourinary tuberculosis, unspecified, unspecified"
270,"01691","Gu TB NOS-no exam","Genitourinary tuberculosis, unspecified, bacteriological or histological examination not done"
271,"01692","Gu TB NOS-exam unkn","Genitourinary tuberculosis, unspecified, bacteriological or histological examination unknown (at present)"
272,"01693","Gu TB NOS-micro dx","Genitourinary tuberculosis, unspecified, tubercle bacilli found (in sputum) by microscopy"
273,"01694","Gu TB NOS-cult dx","Genitourinary tuberculosis, unspecified, tubercle bacilli not found (in sputum) by microscopy, but found by bacterial culture"
274,"01695","Gu TB NOS-histo dx","Genitourinary tuberculosis, unspecified, tubercle bacilli not found by bacteriological examination, but tuberculosis confirmed histologically"
275,"01696","Gu TB NOS-oth test","Genitourinary tuberculosis, unspecified, tubercle bacilli not found by bacteriological or histological examination, but tuberculosis confirmed by other methods [inoculation of animals]"
276,"01700","TB skin/subcutan-unspec","Tuberculosis of skin and subcutaneous cellular tissue, unspecified"
277,"01701","TB skin/subcut-no exam","Tuberculosis of skin and subcutaneous cellular tissue, bacteriological or histological examination not done"
278,"01702","TB skin/subcut-exam unkn","Tuberculosis of skin and subcutaneous cellular tissue, bacteriological or histological examination unknown (at present)"
279,"01703","TB skin/subcut-micro dx","Tuberculosis of skin and subcutaneous cellular tissue, tubercle bacilli found (in sputum) by microscopy"
280,"01704","TB skin/subcut-cult dx","Tuberculosis of skin and subcutaneous cellular tissue, tubercle bacilli not found (in sputum) by microscopy, but found by bacterial culture"
281,"01705","TB skin/subcut-histo dx","Tuberculosis of skin and subcutaneous cellular tissue, tubercle bacilli not found by bacteriological examination, but tuberculosis confirmed histologically"
282,"01706","TB skin/subcut-oth test","Tuberculosis of skin and subcutaneous cellular tissue, tubercle bacilli not found by bacteriological or histological examination, but tuberculosis confirmed by other methods [inoculation of animals]"
283,"01710","Erythema nodos tb-unspec","Erythema nodosum with hypersensitivity reaction in tuberculosis, unspecified"
284,"01711","Erythem nodos tb-no exam","Erythema nodosum with hypersensitivity reaction in tuberculosis, bacteriological or histological examination not done"
285,"01712","Erythem nod tb-exam unkn","Erythema nodosum with hypersensitivity reaction in tuberculosis, bacteriological or histological examination unknown (at present)"
286,"01713","Erythem nod tb-micro dx","Erythema nodosum with hypersensitivity reaction in tuberculosis, tubercle bacilli found (in sputum) by microscopy"
287,"01714","Erythem nodos tb-cult dx","Erythema nodosum with hypersensitivity reaction in tuberculosis, tubercle bacilli not found (in sputum) by microscopy, but found by bacterial culture"
288,"01715","Erythem nod tb-histo dx","Erythema nodosum with hypersensitivity reaction in tuberculosis, tubercle bacilli not found by bacteriological examination, but tuberculosis confirmed histologically"
1,"01716","Erythem nod tb-oth test","Erythema nodosum with hypersensitivity reaction in tuberculosis, tubercle bacilli not found by bacteriological or histological examination, but tuberculosis confirmed by other methods [inoculation of animals]"
2,"01720","TB periph lymph-unspec","Tuberculosis of peripheral lymph nodes, unspecified"
3,"01721","TB periph lymph-no exam","Tuberculosis of peripheral lymph nodes, bacteriological or histological examination not done"
4,"01722","TB periph lymph-exam unk","Tuberculosis of peripheral lymph nodes, bacteriological or histological examination unknown (at present)"
5,"01723","TB periph lymph-micro dx","Tuberculosis of peripheral lymph nodes, tubercle bacilli found (in sputum) by microscopy"
6,"01724","TB periph lymph-cult dx","Tuberculosis of peripheral lymph nodes, tubercle bacilli not found (in sputum) by microscopy, but found by bacterial culture"
7,"01725","TB periph lymph-histo dx","Tuberculosis of peripheral lymph nodes, tubercle bacilli not found by bacteriological examination, but tuberculosis confirmed histologically"
8,"01726","TB periph lymph-oth test","Tuberculosis of peripheral lymph nodes, tubercle bacilli not found by bacteriological or histological examination, but tuberculosis confirmed by other methods [inoculation of animals]"
9,"01730","TB of eye-unspec","Tuberculosis of eye, unspecified"
10,"01731","TB of eye-no exam","Tuberculosis of eye, bacteriological or histological examination not done"
11,"01732","TB of eye-exam unkn","Tuberculosis of eye, bacteriological or histological examination unknown (at present)"
12,"01733","TB of eye-micro dx","Tuberculosis of eye, tubercle bacilli found (in sputum) by microscopy"
13,"01734","TB of eye-cult dx","Tuberculosis of eye, tubercle bacilli not found (in sputum) by microscopy, but found by bacterial culture"
14,"01735","TB of eye-histo dx","Tuberculosis of eye, tubercle bacilli not found by bacteriological examination, but tuberculosis confirmed histologically"
15,"01736","TB of eye-oth test","Tuberculosis of eye, tubercle bacilli not found by bacteriological or histological examination, but tuberculosis confirmed by other methods [inoculation of animals]"
16,"01740","TB of ear-unspec","Tuberculosis of ear, unspecified"
17,"01741","TB of ear-no exam","Tuberculosis of ear, bacteriological or histological examination not done"
18,"01742","TB of ear-exam unkn","Tuberculosis of ear, bacteriological or histological examination unknown (at present)"
19,"01743","TB of ear-micro dx","Tuberculosis of ear, tubercle bacilli found (in sputum) by microscopy"
20,"01744","TB of ear-cult dx","Tuberculosis of ear, tubercle bacilli not found (in sputum) by microscopy, but found by bacterial culture"
21,"01745","TB of ear-histo dx","Tuberculosis of ear, tubercle bacilli not found by bacteriological examination, but tuberculosis confirmed histologically"
22,"01746","TB of ear-oth test","Tuberculosis of ear, tubercle bacilli not found by bacteriological or histological examination, but tuberculosis confirmed by other methods [inoculation of animals]"
23,"01750","TB of thyroid-unspec","Tuberculosis of thyroid gland, unspecified"
24,"01751","TB of thyroid-no exam","Tuberculosis of thyroid gland, bacteriological or histological examination not done"
25,"01752","TB of thyroid-exam unkn","Tuberculosis of thyroid gland, bacteriological or histological examination unknown (at present)"
26,"01753","TB of thyroid-micro dx","Tuberculosis of thyroid gland, tubercle bacilli found (in sputum) by microscopy"
27,"01754","TB of thyroid-cult dx","Tuberculosis of thyroid gland, tubercle bacilli not found (in sputum) by microscopy, but found by bacterial culture"
28,"01755","TB of thyroid-histo dx","Tuberculosis of thyroid gland, tubercle bacilli not found by bacteriological examination, but tuberculosis confirmed histologically"
29,"01756","TB of thyroid-oth test","Tuberculosis of thyroid gland, tubercle bacilli not found by bacteriological or histological examination, but tuberculosis confirmed by other methods [inoculation of animals]"
44,"01780","TB esophagus-unspec","Tuberculosis of esophagus, unspecified"
45,"01781","TB esophagus-no exam","Tuberculosis of esophagus, bacteriological or histological examination not done"
46,"01782","TB esophagus-exam unkn","Tuberculosis of esophagus, bacteriological or histological examination unknown (at present)"
47,"01783","TB esophagus-micro dx","Tuberculosis of esophagus, tubercle bacilli found (in sputum) by microscopy"
48,"01784","TB esophagus-cult dx","Tuberculosis of esophagus, tubercle bacilli not found (in sputum) by microscopy, but found by bacterial culture"
49,"01785","TB esophagus-histo dx","Tuberculosis of esophagus, tubercle bacilli not found by bacteriological examination, but tuberculosis confirmed histologically"
50,"01786","TB esophagus-oth test","Tuberculosis of esophagus, tubercle bacilli not found by bacteriological or histological examination, but tuberculosis confirmed by other methods [inoculation of animals]"
51,"01790","TB of organ NEC-unspec","Tuberculosis of other specified organs, unspecified"
52,"01791","TB of organ NEC-no exam","Tuberculosis of other specified organs, bacteriological or histological examination not done"
133,"01110","TB lung nodular-unspec","Tuberculosis of lung, nodular, unspecified"
134,"01111","TB lung nodular-no exam","Tuberculosis of lung, nodular, bacteriological or histological examination not done"
135,"01112","TB lung nodul-exam unkn","Tuberculosis of lung, nodular, bacteriological or histological examination unknown (at present)"
136,"01113","TB lung nodular-micro dx","Tuberculosis of lung, nodular, tubercle bacilli found (in sputum) by microscopy"
137,"01114","TB lung nodular-cult dx","Tuberculosis of lung, nodular, tubercle bacilli not found (in sputum) by microscopy, but found by bacterial culture"
138,"01115","TB lung nodular-histo dx","Tuberculosis of lung, nodular, tubercle bacilli not found by bacteriological examination, but tuberculosis confirmed histologically"
139,"01116","TB lung nodular-oth test","Tuberculosis of lung, nodular, tubercle bacilli not found by bacteriological or histological examination, but tuberculosis confirmed by other methods [inoculation of animals]"
147,"01130","TB of bronchus-unspec","Tuberculosis of bronchus, unspecified"
148,"01131","TB of bronchus-no exam","Tuberculosis of bronchus, bacteriological or histological examination not done"
149,"01132","TB of bronchus-exam unkn","Tuberculosis of bronchus, bacteriological or histological examination unknown (at present)"
150,"01133","TB of bronchus-micro dx","Tuberculosis of bronchus, tubercle bacilli found (in sputum) by microscopy"
151,"01134","TB of bronchus-cult dx","Tuberculosis of bronchus, tubercle bacilli not found (in sputum) by microscopy, but found in bacterial culture"
152,"01135","TB of bronchus-histo dx","Tuberculosis of bronchus, tubercle bacilli not found by bacteriological examination, but tuberculosis confirmed histologically"
153,"01136","TB of bronchus-oth test","Tuberculosis of bronchus, tubercle bacilli not found by bacteriological or histological examination, but tuberculosis confirmed by other methods [inoculation of animals]"
154,"01140","TB lung fibrosis-unspec","Tuberculous fibrosis of lung, unspecified"
155,"01141","TB lung fibrosis-no exam","Tuberculous fibrosis of lung, bacteriological or histological examination not done"
156,"01142","TB lung fibros-exam unkn","Tuberculous fibrosis of lung, bacteriological or histological examination unknown (at present)"
157,"01143","TB lung fibros-micro dx","Tuberculous fibrosis of lung, tubercle bacilli found (in sputum) by microscopy"
158,"01144","TB lung fibrosis-cult dx","Tuberculous fibrosis of lung, tubercle bacilli not found (in sputum) by microscopy, but found by bacterial culture"
159,"01145","TB lung fibros-histo dx","Tuberculous fibrosis of lung, tubercle bacilli not found by bacteriological examination, but tuberculosis confirmed histologically"
160,"01146","TB lung fibros-oth test","Tuberculous fibrosis of lung, tubercle bacilli not found by bacteriological or histological examination, but tuberculosis confirmed by other methods [inoculation of animals]"
161,"01150","TB bronchiectasis-unspec","Tuberculous bronchiectasis, unspecified"
162,"01151","TB bronchiect-no exam","Tuberculous bronchiectasis, bacteriological or histological examination not done"
163,"01152","TB bronchiect-exam unkn","Tuberculous bronchiectasis, bacteriological or histological examination unknown (at present)"
164,"01153","TB bronchiect-micro dx","Tuberculous bronchiectasis, tubercle bacilli found (in sputum) by microscopy"
165,"01154","TB bronchiect-cult dx","Tuberculous bronchiectasis, tubercle bacilli not found (in sputum) by microscopy, but found by bacterial culture"
166,"01155","TB bronchiect-histo dx","Tuberculous bronchiectasis, tubercle bacilli not found by bacteriological examination, but tuberculosis confirmed histologically"
167,"01156","TB bronchiect-oth test","Tuberculous bronchiectasis, tubercle bacilli not found by bacteriological or histological examination, but tuberculosis confirmed by other methods [inoculation of animals]"
340,"01654","TB male gen NEC-cult dx","Tuberculosis of other male genital organs, tubercle bacilli not found (in sputum) by microscopy, but found by bacterial culture"
341,"01655","TB male gen NEC-histo dx","Tuberculosis of other male genital organs, tubercle bacilli not found by bacteriological examination, but tuberculosis confirmed histologically"
342,"01656","TB male gen NEC-oth test","Tuberculosis of other male genital organs, tubercle bacilli not found by bacteriological or histological examination, but tuberculosis confirmed by other methods [inoculation of animals]"
343,"01660","TB ovary & tube-unspec","Tuberculous oophoritis and salpingitis, unspecified"
344,"01661","TB ovary & tube-no exam","Tuberculous oophoritis and salpingitis, bacteriological or histological examination not done"
345,"01662","TB ovary/tube-exam unkn","Tuberculous oophoritis and salpingitis, bacteriological or histological examination unknown (at present)"
346,"01663","TB ovary & tube-micro dx","Tuberculous oophoritis and salpingitis, tubercle bacilli found (in sputum) by microscopy"
347,"01664","TB ovary & tube-cult dx","Tuberculous oophoritis and salpingitis, tubercle bacilli not found (in sputum) by microscopy, but found by bacterial culture"
348,"01665","TB ovary & tube-histo dx","Tuberculous oophoritis and salpingitis, tubercle bacilli not found by bacteriological examination, but tuberculosis confirmed histologically"
349,"01666","TB ovary & tube-oth test","Tuberculous oophoritis and salpingitis, tubercle bacilli not found by bacteriological or histological examination, but tuberculosis confirmed by other methods [inoculation of animals]"
350,"01670","TB female gen NEC-unspec","Tuberculosis of other female genital organs, unspecified"
351,"01671","TB fem gen NEC-no exam","Tuberculosis of other female genital organs, bacteriological or histological examination not done"
352,"01672","TB fem gen NEC-exam unkn","Tuberculosis of other female genital organs, bacteriological or histological examination unknown (at present)"
353,"01673","TB fem gen NEC-micro dx","Tuberculosis of other female genital organs, tubercle bacilli found (in sputum) by microscopy"
354,"01674","TB fem gen NEC-cult dx","Tuberculosis of other female genital organs, tubercle bacilli not found (in sputum) by microscopy, but found by bacterial culture"
355,"01675","TB fem gen NEC-histo dx","Tuberculosis of other female genital organs, tubercle bacilli not found by bacteriological examination, but tuberculosis confirmed histologically"
384,"0900","Early cong syph symptom","Early congenital syphilis, symptomatic"
385,"0901","Early congen syph latent","Early congenital syphilis, latent"
386,"0902","Early congen syph NOS","Early congenital syphilis, unspecified"
387,"0903","Syphilitic keratitis","Syphilitic interstitial keratitis"
388,"09040","Juvenile neurosyph NOS","Juvenile neurosyphilis, unspecified"
389,"09041","Congen syph encephalitis","Congenital syphilitic encephalitis"
390,"09042","Congen syph meningitis","Congenital syphilitic meningitis"
391,"09049","Juvenile neurosyph NEC","Other juvenile neurosyphilis"
392,"0905","Late congen syph symptom","Other late congenital syphilis, symptomatic"
393,"0906","Late congen syph latent","Late congenital syphilis, latent"
394,"0907","Late congen syph NOS","Late congenital syphilis, unspecified"
395,"0909","Congenital syphilis NOS","Congenital syphilis, unspecified"
396,"0910","Primary genital syphilis","Genital syphilis (primary)"
397,"0911","Primary anal syphilis","Primary anal syphilis"
398,"0912","Primary syphilis NEC","Other primary syphilis"
399,"0913","Secondary syph skin","Secondary syphilis of skin or mucous membranes"
400,"0914","Syphilitic adenopathy","Adenopathy due to secondary syphilis"
401,"09150","Syphilitic uveitis NOS","Syphilitic uveitis, unspecified"
402,"09151","Syphilit chorioretinitis","Syphilitic chorioretinitis (secondary)"
403,"09152","Syphilitic iridocyclitis","Syphilitic iridocyclitis (secondary)"
404,"09161","Syphilitic periostitis","Secondary syphilitic periostitis"
405,"09162","Syphilitic hepatitis","Secondary syphilitic hepatitis"
406,"09169","Second syph viscera NEC","Secondary syphilis of other viscera"
407,"0917","Second syphilis relapse","Secondary syphilis, relapse"
408,"09181","Acute syphil meningitis","Acute syphilitic meningitis (secondary)"
409,"09182","Syphilitic alopecia","Syphilitic alopecia"
410,"09189","Secondary syphilis NEC","Other forms of secondary syphilis"
411,"0919","Secondary syphilis NOS","Unspecified secondary syphilis"
412,"0920","Early syph latent relaps","Early syphilis, latent, serological relapse after treatment"
413,"0929","Early syphil latent NOS","Early syphilis, latent, unspecified"
414,"0930","Aortic aneurysm, syphil","Aneurysm of aorta, specified as syphilitic"
415,"0931","Syphilitic aortitis","Syphilitic aortitis"
416,"09320","Syphil endocarditis NOS","Syphilitic endocarditis of valve, unspecified"
417,"09321","Syphilitic mitral valve","Syphilitic endocarditis of mitral valve"
418,"09322","Syphilitic aortic valve","Syphilitic endocarditis of aortic valve"
419,"09323","Syphil tricuspid valve","Syphilitic endocarditis of tricuspid valve"
420,"09324","Syphil pulmonary valve","Syphilitic endocarditis of pulmonary valve"
421,"09381","Syphilitic pericarditis","Syphilitic pericarditis"
422,"09382","Syphilitic myocarditis","Syphilitic myocarditis"
423,"09389","Cardiovascular syph NEC","Other specified cardiovascular syphilis"
424,"0939","Cardiovascular syph NOS","Cardiovascular syphilis, unspecified"
425,"0940","Tabes dorsalis","Tabes dorsalis"
426,"0941","General paresis","General paresis"
427,"0942","Syphilitic meningitis","Syphilitic meningitis"
428,"0943","Asymptomat neurosyphilis","Asymptomatic neurosyphilis"
429,"09481","Syphilitic encephalitis","Syphilitic encephalitis"
430,"09482","Syphilitic parkinsonism","Syphilitic parkinsonism"
431,"09483","Syph dissem retinitis","Syphilitic disseminated retinochoroiditis"
432,"09484","Syphilitic optic atrophy","Syphilitic optic atrophy"
433,"09485","Syph retrobulb neuritis","Syphilitic retrobulbar neuritis"
434,"09486","Syphil acoustic neuritis","Syphilitic acoustic neuritis"
435,"09487","Syph rupt cereb aneurysm","Syphilitic ruptured cerebral aneurysm"
436,"09489","Neurosyphilis NEC","Other specified neurosyphilis"
437,"0949","Neurosyphilis NOS","Neurosyphilis, unspecified"
438,"0950","Syphilitic episcleritis","Syphilitic episcleritis"
439,"0951","Syphilis of lung","Syphilis of lung"
440,"0952","Syphilitic peritonitis","Syphilitic peritonitis"
441,"0953","Syphilis of liver","Syphilis of liver"
442,"0954","Syphilis of kidney","Syphilis of kidney"
443,"0955","Syphilis of bone","Syphilis of bone"
444,"0956","Syphilis of muscle","Syphilis of muscle"
445,"0957","Syphilis of tendon/bursa","Syphilis of synovium, tendon, and bursa"
446,"0958","Late sympt syphilis NEC","Other specified forms of late symptomatic syphilis"
447,"0959","Late sympt syphilis NOS","Late symptomatic syphilis, unspecified"
448,"096","Late syphilis latent","Late syphilis, latent"
449,"0970","Late syphilis NOS","Late syphilis, unspecified"
450,"0971","Latent syphilis NOS","Latent syphilis, unspecified"
451,"0979","Syphilis NOS","Syphilis, unspecified"
452,"0980","Acute gc infect lower gu","Gonococcal infection (acute) of lower genitourinary tract"
453,"09810","Gc (acute) upper gu NOS","Gonococcal infection (acute) of upper genitourinary tract, site unspecified"
454,"09811","Gc cystitis (acute)","Gonococcal cystitis (acute)"
455,"09812","Gc prostatitis (acute)","Gonococcal prostatitis (acute)"
456,"09813","Gc orchitis (acute)","Gonococcal epididymo-orchitis (acute)"
457,"09814","Gc sem vesiculit (acute)","Gonococcal seminal vesiculitis (acute)"
458,"09815","Gc cervicitis (acute)","Gonococcal cervicitis (acute)"
459,"09816","Gc endometritis (acute)","Gonococcal endometritis (acute)"
460,"09817","Acute gc salpingitis","Gonococcal salpingitis, specified as acute"
461,"09819","Gc (acute) upper gu NEC","Other gonococcal infection (acute) of upper genitourinary tract"
462,"0982","Chr gc infect lower gu","Gonococcal infection, chronic, of lower genitourinary tract"
463,"09830","Chr gc upper gu NOS","Chronic gonococcal infection of upper genitourinary tract, site unspecified"
464,"09831","Gc cystitis, chronic","Gonococcal cystitis, chronic"
465,"09832","Gc prostatitis, chronic","Gonococcal prostatitis, chronic"
466,"09833","Gc orchitis, chronic","Gonococcal epididymo-orchitis, chronic"
467,"09834","Gc sem vesiculitis, chr","Gonococcal seminal vesiculitis, chronic"
468,"09835","Gc cervicitis, chronic","Gonococcal cervicitis, chronic"
469,"09836","Gc endometritis, chronic","Gonococcal endometritis, chronic"
470,"09837","Gc salpingitis (chronic)","Gonococcal salpingitis (chronic)"
471,"09839","Chr gc upper gu NEC","Other chronic gonococcal infection of upper genitourinary tract"
472,"09840","Gonococcal conjunctivit","Gonococcal conjunctivitis (neonatorum)"
473,"09841","Gonococcal iridocyclitis","Gonococcal iridocyclitis"
474,"09842","Gonococcal endophthalmia","Gonococcal endophthalmia"
475,"09843","Gonococcal keratitis","Gonococcal keratitis"
476,"09849","Gonococcal eye NEC","Other gonococcal infection of eye"
477,"09850","Gonococcal arthritis","Gonococcal arthritis"
478,"09851","Gonococcal synovitis","Gonococcal synovitis and tenosynovitis"
479,"09852","Gonococcal bursitis","Gonococcal bursitis"
480,"09853","Gonococcal spondylitis","Gonococcal spondylitis"
481,"09859","Gc infect joint NEC","Other gonococcal infection of joint"
482,"0986","Gonococcal infec pharynx","Gonococcal infection of pharynx"
483,"0987","Gc infect anus & rectum","Gonococcal infection of anus and rectum"
484,"09881","Gonococcal keratosis","Gonococcal keratosis (blennorrhagica)"
485,"09882","Gonococcal meningitis","Gonococcal meningitis"
486,"09883","Gonococcal pericarditis","Gonococcal pericarditis"
487,"09884","Gonococcal endocarditis","Gonococcal endocarditis"
488,"09885","Gonococcal heart dis NEC","Other gonococcal heart disease"
489,"09886","Gonococcal peritonitis","Gonococcal peritonitis"
490,"09889","Gonococcal inf site NEC","Gonococcal infection of other specified sites"
510,"04186","Helicobacter pylori","Helicobacter pylori [H. pylori]"
626,"0330","Bordetella pertussis","Whooping cough due to bordetella pertussis [B. pertussis]"
627,"0331","Bordetella parapertussis","Whooping cough due to bordetella parapertussis [B. parapertussis]"
628,"0338","Whooping cough NEC","Whooping cough due to other specified organism"
629,"0339","Whooping cough NOS","Whooping cough, unspecified organism"
630,"0340","Strep sore throat","Streptococcal sore throat"
631,"0341","Scarlet fever","Scarlet fever"
632,"035","Erysipelas","Erysipelas"
661,"0390","Cutaneous actinomycosis","Cutaneous actinomycotic infection"
664,"0393","Cervicofac actinomycosis","Cervicofacial actinomycotic infection"
665,"0394","Madura foot","Madura foot"
666,"0398","Actinomycosis NEC","Actinomycotic infection of other specified sites"
667,"0399","Actinomycosis NOS","Actinomycotic infection of unspecified site"
669,"0401","Rhinoscleroma","Rhinoscleroma"
670,"0402","Whipple's disease","Whipple's disease"
672,"04041","Infant botulism","Infant botulism"
676,"04089","Bacterial diseases NEC","Other specified bacterial diseases"
687,"0200","Bubonic plague","Bubonic plague"
693,"0208","Other types of plague","Other specified types of plague"
694,"0209","Plague NOS","Plague, unspecified"
713,"024","Glanders","Glanders"
714,"025","Melioidosis","Melioidosis"
717,"0269","Rat-bite fever NOS","Unspecified rat-bite fever"
718,"0270","Listeriosis","Listeriosis"
719,"0271","Erysipelothrix infection","Erysipelothrix infection"
720,"0272","Pasteurellosis","Pasteurellosis"
721,"0278","Zoonotic bact dis NEC","Other specified zoonotic bacterial diseases"
722,"0279","Zoonotic bact dis NOS","Unspecified zoonotic bacterial disease"
723,"0300","Lepromatous leprosy","Lepromatous leprosy [type L]"
724,"0301","Tuberculoid leprosy","Tuberculoid leprosy [type T]"
725,"0302","Indeterminate leprosy","Indeterminate leprosy [group I]"
726,"0303","Borderline leprosy","Borderline leprosy [group B]"
727,"0308","Leprosy NEC","Other specified leprosy"
728,"0309","Leprosy NOS","Leprosy, unspecified"
729,"0310","Pulmonary mycobacteria","Pulmonary diseases due to other mycobacteria"
730,"0311","Cutaneous mycobacteria","Cutaneous diseases due to other mycobacteria"
731,"0312","DMAC bacteremia","Disseminated due to other mycobacteria"
732,"0318","Mycobacterial dis NEC","Other specified mycobacterial diseases"
733,"0319","Mycobacterial dis NOS","Unspecified diseases due to mycobacteria"
734,"0320","Faucial diphtheria","Faucial diphtheria"
735,"0321","Nasopharynx diphtheria","Nasopharyngeal diphtheria"
736,"0322","Ant nasal diphtheria","Anterior nasal diphtheria"
737,"0323","Laryngeal diphtheria","Laryngeal diphtheria"
738,"03281","Conjunctival diphtheria","Conjunctival diphtheria"
741,"03284","Diphtheritic cystitis","Diphtheritic cystitis"
742,"03285","Cutaneous diphtheria","Cutaneous diphtheria"
743,"03289","Diphtheria NEC","Other specified diphtheria"
744,"0329","Diphtheria NOS","Diphtheria, unspecified"
757,"01320","Tuberculoma brain-unspec","Tuberculoma of brain, unspecified"
758,"01321","Tubrcloma brain-no exam","Tuberculoma of brain, bacteriological or histological examination not done"
759,"01322","Tubrclma brain-exam unkn","Tuberculoma of brain, bacteriological or histological examination unknown (at present)"
760,"01323","Tubrcloma brain-micro dx","Tuberculoma of brain, tubercle bacilli found (in sputum) by microscopy"
761,"01324","Tubrcloma brain-cult dx","Tuberculoma of brain, tubercle bacilli not found (in sputum) by microscopy, but found by bacterial culture"
762,"01325","Tubrcloma brain-histo dx","Tuberculoma of brain, tubercle bacilli not found by bacteriological examination, but tuberculosis confirmed histologically"
763,"01326","Tubrcloma brain-oth test","Tuberculoma of brain, tubercle bacilli not found by bacteriological or histological examination, but tuberculosis confirmed by other methods [inoculation of animals]"
771,"01340","Tubrclma sp cord-unspec","Tuberculoma of spinal cord, unspecified"
772,"01341","Tubrclma sp cord-no exam","Tuberculoma of spinal cord, bacteriological or histological examination not done"
773,"01342","Tubrclma sp cd-exam unkn","Tuberculoma of spinal cord, bacteriological or histological examination unknown (at present)"
774,"01343","Tubrclma sp crd-micro dx","Tuberculoma of spinal cord, tubercle bacilli found (in sputum) by microscopy"
775,"01344","Tubrclma sp cord-cult dx","Tuberculoma of spinal cord, tubercle bacilli not found (in sputum) by microscopy, but found by bacterial culture"
776,"01345","Tubrclma sp crd-histo dx","Tuberculoma of spinal cord, tubercle bacilli not found by bacteriological examination, but tuberculosis confirmed histologically"
777,"01346","Tubrclma sp crd-oth test","Tuberculoma of spinal cord, tubercle bacilli not found by bacteriological or histological examination, but tuberculosis confirmed by other methods [inoculation of animals]"
834,"01520","TB of knee-unspec","Tuberculosis of knee, unspecified"
835,"01521","TB of knee-no exam","Tuberculosis of knee, bacteriological or histological examination not done"
836,"01522","TB of knee-exam unkn","Tuberculosis of knee, bacteriological or histological examination unknown (at present)"
837,"01523","TB of knee-micro dx","Tuberculosis of knee, tubercle bacilli found (in sputum) by microscopy"
838,"01524","TB of knee-cult dx","Tuberculosis of knee, tubercle bacilli not found (in sputum) by microscopy, but found by bacterial culture"
839,"01525","TB of knee-histo dx","Tuberculosis of knee, tubercle bacilli not found by bacteriological examination, but tuberculosis confirmed histologically"
840,"01526","TB of knee-oth test","Tuberculosis of knee, tubercle bacilli not found by bacteriological or histological examination, but tuberculosis confirmed by other methods [inoculation of animals]"
841,"01550","TB of limb bones-unspec","Tuberculosis of limb bones, unspecified"
842,"01551","TB limb bones-no exam","Tuberculosis of limb bones, bacteriological or histological examination not done"
843,"01552","TB limb bones-exam unkn","Tuberculosis of limb bones, bacteriological or histological examination unknown (at present)"
844,"01553","TB limb bones-micro dx","Tuberculosis of limb bones, tubercle bacilli found (in sputum) by microscopy"
845,"01554","TB limb bones-cult dx","Tuberculosis of limb bones, tubercle bacilli not found (in sputum) by microscopy, but found by bacterial culture"
846,"01555","TB limb bones-histo dx","Tuberculosis of limb bones, tubercle bacilli not found by bacteriological examination, but tuberculosis confirmed histologically"
847,"01556","TB limb bones-oth test","Tuberculosis of limb bones, tubercle bacilli not found by bacteriological or histological examination, but tuberculosis confirmed by other methods [inoculation of animals]"
848,"01560","TB of mastoid-unspec","Tuberculosis of mastoid, unspecified"
849,"01561","TB of mastoid-no exam","Tuberculosis of mastoid, bacteriological or histological examination not done"
850,"01562","TB of mastoid-exam unkn","Tuberculosis of mastoid, bacteriological or histological examination unknown (at present)"
851,"01563","TB of mastoid-micro dx","Tuberculosis of mastoid, tubercle bacilli found (in sputum) by microscopy"
852,"01564","TB of mastoid-cult dx","Tuberculosis of mastoid, tubercle bacilli not found (in sputum) by microscopy, but found by bacterial culture"
853,"01565","TB of mastoid-histo dx","Tuberculosis of mastoid, tubercle bacilli not found by bacteriological examination, but tuberculosis confirmed histologically"
854,"01566","TB of mastoid-oth test","Tuberculosis of mastoid, tubercle bacilli not found by bacteriological or histological examination, but tuberculosis confirmed by other methods [inoculation of animals]"
855,"01570","TB of bone NEC-unspec","Tuberculosis of other specified bone, unspecified"
856,"01571","TB of bone NEC-no exam","Tuberculosis of other specified bone, bacteriological or histological examination not done"
857,"01572","TB of bone NEC-exam unkn","Tuberculosis of other specified bone, bacteriological or histological examination unknown (at present)"
858,"01573","TB of bone NEC-micro dx","Tuberculosis of other specified bone, tubercle bacilli found (in sputum) by microscopy"
859,"01574","TB of bone NEC-cult dx","Tuberculosis of other specified bone, tubercle bacilli not found (in sputum) by microscopy, but found by bacterial culture"
860,"01575","TB of bone NEC-histo dx","Tuberculosis of other specified bone, tubercle bacilli not found by bacteriological examination, but tuberculosis confirmed histologically"
861,"01576","TB of bone NEC-oth test","Tuberculosis of other specified bone, tubercle bacilli not found by bacteriological or histological examination, but tuberculosis confirmed by other methods [inoculation of animals]"
862,"01580","TB of joint NEC-unspec","Tuberculosis of other specified joint, unspecified"
863,"01581","TB of joint NEC-no exam","Tuberculosis of other specified joint, bacteriological or histological examination not done"
289,"01582","TB joint NEC-exam unkn","Tuberculosis of other specified joint, bacteriological or histological examination unknown (at present)"
290,"01583","TB of joint NEC-micro dx","Tuberculosis of other specified joint, tubercle bacilli found (in sputum) by microscopy"
291,"01584","TB of joint NEC-cult dx","Tuberculosis of other specified joint, tubercle bacilli not found (in sputum) by microscopy, but found by bacterial culture"
292,"01585","TB of joint NEC-histo dx","Tuberculosis of other specified joint, tubercle bacilli not found by bacteriological examination, but tuberculosis confirmed histologically"
293,"01586","TB of joint NEC-oth test","Tuberculosis of other specified joint, tubercle bacilli not found by bacteriological or histological examination, but tuberculosis confirmed by other methods [inoculation of animals]"
294,"01590","TB bone/joint NOS-unspec","Tuberculosis of unspecified bones and joints, unspecified"
295,"01591","TB bone/jt NOS-no exam","Tuberculosis of unspecified bones and joints, bacteriological or histological examination not done"
296,"01592","TB bone/jt NOS-exam unkn","Tuberculosis of unspecified bones and joints, bacteriological or histological examination unknown (at present)"
297,"01593","TB bone/jt NOS-micro dx","Tuberculosis of unspecified bones and joints, tubercle bacilli found (in sputum) by microscopy"
298,"01594","TB bone/jt NOS-cult dx","Tuberculosis of unspecified bones and joints, tubercle bacilli not found (in sputum) by microscopy, but found by bacterial culture"
299,"01595","TB bone/jt NOS-histo dx","Tuberculosis of unspecified bones and joints, tubercle bacilli not found by bacteriological examination, but tuberculosis confirmed histologically"
300,"01596","TB bone/jt NOS-oth test","Tuberculosis of unspecified bones and joints, tubercle bacilli not found by bacteriological or histological examination, but tuberculosis confirmed by other methods [inoculation of animals]"
308,"01610","TB of bladder-unspec","Tuberculosis of bladder, unspecified"
309,"01611","TB of bladder-no exam","Tuberculosis of bladder, bacteriological or histological examination not done"
310,"01612","TB of bladder-exam unkn","Tuberculosis of bladder, bacteriological or histological examination unknown (at present)"
311,"01613","TB of bladder-micro dx","Tuberculosis of bladder, tubercle bacilli found (in sputum) by microscopy"
312,"01614","TB of bladder-cult dx","Tuberculosis of bladder, tubercle bacilli not found (in sputum) by microscopy, but found by bacterial culture"
313,"01615","TB of bladder-histo dx","Tuberculosis of bladder, tubercle bacilli not found by bacteriological examination, but tuberculosis confirmed histologically"
314,"01616","TB of bladder-oth test","Tuberculosis of bladder, tubercle bacilli not found by bacteriological or histological examination, but tuberculosis confirmed by other methods [inoculation of animals]"
315,"01620","TB of ureter-unspec","Tuberculosis of ureter, unspecified"
316,"01621","TB of ureter-no exam","Tuberculosis of ureter, bacteriological or histological examination not done"
317,"01622","TB of ureter-exam unkn","Tuberculosis of ureter, bacteriological or histological examination unknown (at present)"
318,"01623","TB of ureter-micro dx","Tuberculosis of ureter, tubercle bacilli found (in sputum) by microscopy"
319,"01624","TB of ureter-cult dx","Tuberculosis of ureter, tubercle bacilli not found (in sputum) by microscopy, but found by bacterial culture"
320,"01625","TB of ureter-histo dx","Tuberculosis of ureter, tubercle bacilli not found by bacteriological examination, but tuberculosis confirmed histologically"
321,"01626","TB of ureter-oth test","Tuberculosis of ureter, tubercle bacilli not found by bacteriological or histological examination, but tuberculosis confirmed by other methods [inoculation of animals]"
322,"01630","TB urinary NEC-unspec","Tuberculosis of other urinary organs, unspecified"
323,"01631","TB urinary NEC-no exam","Tuberculosis of other urinary organs, bacteriological or histological examination not done"
324,"01632","TB urinary NEC-exam unkn","Tuberculosis of other urinary organs, bacteriological or histological examination unknown (at present)"
325,"01633","TB urinary NEC-micro dx","Tuberculosis of other urinary organs, tubercle bacilli found (in sputum) by microscopy"
326,"01634","TB urinary NEC-cult dx","Tuberculosis of other urinary organs, tubercle bacilli not found (in sputum) by microscopy, but found by bacterial culture"
327,"01635","TB urinary NEC-histo dx","Tuberculosis of other urinary organs, tubercle bacilli not found by bacteriological examination, but tuberculosis confirmed histologically"
328,"01636","TB urinary NEC-oth test","Tuberculosis of other urinary organs, tubercle bacilli not found by bacteriological or histological examination, but tuberculosis confirmed by other methods [inoculation of animals]"
329,"01640","TB epididymis-unspec","Tuberculosis of epididymis, unspecified"
330,"01641","TB epididymis-no exam","Tuberculosis of epididymis, bacteriological or histological examination not done"
331,"01642","TB epididymis-exam unkn","Tuberculosis of epididymis, bacteriological or histological examination unknown (at present)"
332,"01643","TB epididymis-micro dx","Tuberculosis of epididymis, tubercle bacilli found (in sputum) by microscopy"
333,"01644","TB epididymis-cult dx","Tuberculosis of epididymis, tubercle bacilli not found (in sputum) by microscopy, but found by bacterial culture"
334,"01645","TB epididymis-histo dx","Tuberculosis of epididymis, tubercle bacilli not found by bacteriological examination, but tuberculosis confirmed histologically"
335,"01646","TB epididymis-oth test","Tuberculosis of epididymis, tubercle bacilli not found by bacteriological or histological examination, but tuberculosis confirmed by other methods [inoculation of animals]"
336,"01650","TB male genit NEC-unspec","Tuberculosis of other male genital organs, unspecified"
337,"01651","TB male gen NEC-no exam","Tuberculosis of other male genital organs, bacteriological or histological examination not done"
338,"01652","TB male gen NEC-ex unkn","Tuberculosis of other male genital organs, bacteriological or histological examination unknown (at present)"
339,"01653","TB male gen NEC-micro dx","Tuberculosis of other male genital organs, tubercle bacilli found (in sputum) by microscopy"
1370,"10089","Leptospiral infect NEC","Other specified leptospiral infections"
1371,"1009","Leptospirosis NOS","Leptospirosis, unspecified"
1372,"101","Vincent's angina","Vincent's angina"
1373,"1020","Initial lesions yaws","Initial lesions of yaws"
1374,"1021","Multiple papillomata","Multiple papillomata due to yaws and wet crab yaws"
1375,"1022","Early skin yaws NEC","Other early skin lesions of yaws"
1376,"1023","Hyperkeratosis of yaws","Hyperkeratosis due to yaws"
1377,"1024","Gummata and ulcers, yaws","Gummata and ulcers due to yaws"
1378,"1025","Gangosa","Gangosa"
1379,"1026","Yaws of bone & joint","Bone and joint lesions due to yaws"
1380,"1027","Yaws manifestations NEC","Other manifestations of yaws"
1381,"1028","Latent yaws","Latent yaws"
1382,"1029","Yaws NOS","Yaws, unspecified"
1383,"1030","Pinta primary lesions","Primary lesions of pinta"
1384,"1031","Pinta intermed lesions","Intermediate lesions of pinta"
1385,"1032","Pinta late lesions","Late lesions of pinta"
1386,"1033","Pinta mixed lesions","Mixed lesions of pinta"
1387,"1039","Pinta NOS","Pinta, unspecified"
1388,"1040","Nonvenereal endemic syph","Nonvenereal endemic syphilis"
1389,"1048","Spirochetal infect NEC","Other specified spirochetal infections"
1390,"1049","Spirochetal infect NOS","Spirochetal infection, unspecified"
1391,"1100","Dermatophyt scalp/beard","Dermatophytosis of scalp and beard"
1392,"1101","Dermatophytosis of nail","Dermatophytosis of nail"
1393,"1102","Dermatophytosis of hand","Dermatophytosis of hand"
1394,"1103","Dermatophytosis of groin","Dermatophytosis of groin and perianal area"
1395,"1104","Dermatophytosis of foot","Dermatophytosis of foot"
1396,"1105","Dermatophytosis of body","Dermatophytosis of the body"
1397,"1106","Deep dermatophytosis","Deep seated dermatophytosis"
1398,"1108","Dermatophytosis site NEC","Dermatophytosis of other specified sites"
1399,"1109","Dermatophytosis site NOS","Dermatophytosis of unspecified site"
1400,"1110","Pityriasis versicolor","Pityriasis versicolor"
1401,"1111","Tinea nigra","Tinea nigra"
1402,"1112","Tinea blanca","Tinea blanca"
1403,"1113","Black piedra","Black piedra"
1404,"1118","Dermatomycoses NEC","Other specified dermatomycoses"
1405,"1119","Dermatomycosis NOS","Dermatomycosis, unspecified"
1406,"1120","Thrush","Candidiasis of mouth"
1407,"1121","Candidal vulvovaginitis","Candidiasis of vulva and vagina"
1408,"1122","Candidias urogenital NEC","Candidiasis of other urogenital sites"
1409,"1123","Cutaneous candidiasis","Candidiasis of skin and nails"
1413,"11282","Candidal otitis externa","Candidal otitis externa"
1415,"11284","Candidal esophagitis","Candidal esophagitis"
1422,"1143","Progress coccidioid NEC","Other forms of progressive coccidioidomycosis"
1423,"1144","Ch pl coccidioidomycosis","Chronic pulmonary coccidioidomycosis"
1433,"11510","Histoplasma duboisii NOS","Infection by Histoplasma duboisii, without mention of manifestation"
1435,"11512","Histoplasm dubois retina","Infection by Histoplasma duboisii, retinitis"
1436,"11513","Histoplasm dub pericard","Infection by Histoplasma duboisii, pericarditis"
1439,"11519","Histoplasma duboisii NEC","Infection by Histoplasma duboisii, other"
1440,"11590","Histoplasmosis NOS","Histoplasmosis, unspecified, without mention of manifestation"
1446,"11599","Histoplasmosis NEC","Histoplasmosis, unspecified, other"
1459,"1179","Mycoses NEC & NOS","Other and unspecified mycoses"
1460,"118","Opportunistic mycoses","Opportunistic mycoses"
2795,"3481","Anoxic brain damage","Anoxic brain damage"
2797,"34830","Encephalopathy NOS","Encephalopathy, unspecified"
2798,"34831","Metabolic encephalopathy","Metabolic encephalopathy"
2799,"34839","Encephalopathy NEC","Other encephalopathy"
3080,"3220","Nonpyogenic meningitis","Nonpyogenic meningitis"
3081,"3221","Eosinophilic meningitis","Eosinophilic meningitis"
3082,"3222","Chronic meningitis","Chronic meningitis"
3083,"3229","Meningitis NOS","Meningitis, unspecified"
3103,"325","Phlebitis intrcran sinus","Phlebitis and thrombophlebitis of intracranial venous sinuses"
3156,"2866","Defibrination syndrome","Defibrination syndrome"
3158,"2869","Coagulat defect NEC/NOS","Other and unspecified coagulation defects"
3167,"28741","Posttransfusion purpura","Posttransfusion purpura"
3168,"28749","Sec thrombocytpenia NEC","Other secondary thrombocytopenia"
3169,"2875","Thrombocytopenia NOS","Thrombocytopenia, unspecified"
3248,"2930","Delirium d/t other cond","Delirium due to conditions classified elsewhere"
3249,"2931","Subacute delirium","Subacute delirium"
3250,"29381","Psy dis w delus oth dis","Psychotic disorder with delusions in conditions classified elsewhere"
3251,"29382","Psy dis w halluc oth dis","Psychotic disorder with hallucinations in conditions classified elsewhere"
3252,"29383","Mood disorder other dis","Mood disorder in conditions classified elsewhere"
3253,"29384","Anxiety disorder oth dis","Anxiety disorder in conditions classified elsewhere"
3254,"29389","Transient mental dis NEC","Other specified transient mental disorders due to conditions classified elsewhere, other"
3255,"2939","Transient mental dis NOS","Unspecified transient mental disorder in conditions classified elsewhere"
4284,"4510","Superfic phlebitis-leg","Phlebitis and thrombophlebitis of superficial vessels of lower extremities"
4285,"45111","Femoral vein phlebitis","Phlebitis and thrombophlebitis of femoral vein (deep) (superficial)"
4286,"45119","Deep phlebitis-leg NEC","Phlebitis and thrombophlebitis of deep veins of lower extremities, other"
4287,"4512","Thrombophlebitis leg NOS","Phlebitis and thrombophlebitis of lower extremities, unspecified"
4288,"45181","Iliac thrombophlebitis","Phlebitis and thrombophlebitis of iliac vein"
4289,"45182","Phlbts sprfc vn up extrm","Phlebitis and thrombophlebitis of superficial veins of upper extremities"
4290,"45183","Phlbts deep vn up extrm","Phlebitis and thrombophlebitis of deep veins of upper extremities"
4291,"45184","Phlbts vn NOS up extrm","Phlebitis and thrombophlebitis of upper extremities, unspecified"
4292,"45189","Thrombophlebitis NEC","Phlebitis and thrombophlebitis of other sites"
4293,"4519","Thrombophlebitis NOS","Phlebitis and thrombophlebitis of unspecified site"
4404,"4200","Ac pericardit in oth dis","Acute pericarditis in diseases classified elsewhere"
4405,"42090","Acute pericarditis NOS","Acute pericarditis, unspecified"
4406,"42091","Ac idiopath pericarditis","Acute idiopathic pericarditis"
4407,"42099","Acute pericarditis NEC","Other acute pericarditis"
4943,"56203","Dvrtcli sml int w hmrhg","Diverticulitis of small intestine with hemorrhage"
5391,"4580","Orthostatic hypotension","Orthostatic hypotension"
5392,"4581","Chronic hypotension","Chronic hypotension"
5393,"45821","Hemododialysis hypotensn","Hypotension of hemodialysis"
5394,"45829","Iatrogenc hypotnsion NEC","Other iatrogenic hypotension"
5395,"4588","Hypotension NEC","Other specified hypotension"
5396,"4589","Hypotension NOS","Hypotension, unspecified"
5594,"56201","Dvrtcli sml int w/o hmrg","Diverticulitis of small intestine (without mention of hemorrhage)"
4945,"56211","Dvrtcli colon w/o hmrhg","Diverticulitis of colon (without mention of hemorrhage)"
4947,"56213","Dvrtcli colon w hmrhg","Diverticulitis of colon with hemorrhage"
4975,"56782","Sclerosing mesenteritis","Sclerosing mesenteritis"
4976,"56789","Peritonitis NEC","Other specified peritonitis"
4977,"5679","Peritonitis NOS","Unspecified peritonitis"
5001,"56983","Perforation of intestine","Perforation of intestine"
5008,"570","Acute necrosis of liver","Acute and subacute necrosis of liver"
5111,"4940","Bronchiectas w/o ac exac","Bronchiectasis without acute exacerbation"
5818,"5734","Hepatic infarction","Hepatic infarction"
5904,"5845","Ac kidny fail, tubr necr","Acute kidney failure with lesion of tubular necrosis"
5905,"5846","Ac kidny fail, cort necr","Acute kidney failure with lesion of renal cortical necrosis"
5906,"5847","Ac kidny fail, medu necr","Acute kidney failure with lesion of renal medullary [papillary] necrosis"
5907,"5848","Acute kidney failure NEC","Acute kidney failure with other specified pathological lesion in kidney"
5908,"5849","Acute kidney failure NOS","Acute kidney failure, unspecified"
5926,"59000","Chr pyelonephritis NOS","Chronic pyelonephritis without lesion of renal medullary necrosis"
5927,"59001","Chr pyeloneph w med necr","Chronic pyelonephritis with lesion of renal medullary necrosis"
6236,"6141","Chr salpingo-oophoritis","Chronic salpingitis and oophoritis"
6237,"6142","Salpingo-oophoritis NOS","Salpingitis and oophoritis not specified as acute, subacute, or chronic"
6239,"6144","Chronic parametritis","Chronic or unspecified parametritis and pelvic cellulitis"
6241,"6146","Fem pelvic periton adhes","Pelvic peritoneal adhesions, female (postoperative) (postinfection)"
6242,"6147","Chr pelv periton NEC-fem","Other chronic pelvic peritonitis, female"
6243,"6148","Fem pelv inflam dis NEC","Other specified inflammatory disease of female pelvic organs and tissues"
6244,"6149","Fem pelv inflam dis NOS","Unspecified inflammatory disease of female pelvic organs and tissues"
6246,"6151","Chr uterine inflammation","Chronic inflammatory diseases of uterus, except cervix"
6247,"6159","Uterine inflam dis NOS","Unspecified inflammatory disease of uterus"
6248,"6160","Cervicitis","Cervicitis and endocervicitis"
6249,"61610","Vaginitis NOS","Vaginitis and vulvovaginitis, unspecified"
6250,"61611","Vaginitis in oth disease","Vaginitis and vulvovaginitis in diseases classified elsewhere"
6251,"6162","Bartholin's gland cyst","Cyst of Bartholin's gland"
6252,"6163","Bartholin's glnd abscess","Abscess of Bartholin's gland"
6253,"6164","Abscess of vulva NEC","Other abscess of vulva"
6254,"61650","Ulceration of vulva NOS","Ulceration of vulva, unspecified"
6255,"61651","Vulvar ulcer in oth dis","Ulceration of vulva in diseases classified elsewhere"
6256,"61681","Mucositis cerv,vag,vulva","Mucositis (ulcerative) of cervix, vagina, and vulva"
6257,"61689","Inflm cerv,vag,vulva NEC","Other inflammatory disease of cervix, vagina and vulva"
6258,"6169","Female gen inflam NOS","Unspecified inflammatory disease of cervix, vagina, and vulva"
6367,"59780","Urethritis NOS","Urethritis, unspecified"
6368,"59781","Urethral syndrome NOS","Urethral syndrome NOS"
6369,"59789","Urethritis NEC","Other urethritis"
6402,"6010","Acute prostatitis","Acute prostatitis"
6403,"6011","Chronic prostatitis","Chronic prostatitis"
6405,"6013","Prostatocystitis","Prostatocystitis"
6406,"6014","Prostatitis in oth dis","Prostatitis in diseases classified elsewhere"
6407,"6018","Prostatic inflam dis NEC","Other specified inflammatory diseases of prostate"
6408,"6019","Prostatitis NOS","Prostatitis, unspecified"
7287,"683","Acute lymphadenitis","Acute lymphadenitis"
7272,"68101","Felon","Felon"
7273,"68102","Onychia of finger","Onychia and paronychia of finger"
7275,"68111","Onychia of toe","Onychia and paronychia of toe"
7482,"68601","Pyoderma gangrenosum","Pyoderma gangrenosum"
7483,"68609","Pyoderma NEC","Other pyoderma"
7484,"6861","Pyogenic granuloma","Pyogenic granuloma of skin and subcutaneous tissue"
7485,"6868","Local skin infection NEC","Other specified local infections of skin and subcutaneous tissue"
7486,"6869","Local skin infection NOS","Unspecified local infection of skin and subcutaneous tissue"
13838,"73008","Ac osteomyelitis NEC","Acute osteomyelitis, other specified sites"
13840,"73010","Chr osteomyelitis-unsp","Chronic osteomyelitis, site unspecified"
13841,"73011","Chr osteomyelit-shlder","Chronic osteomyelitis, shoulder region"
13842,"73012","Chr osteomyelit-up/arm","Chronic osteomyelitis, upper arm"
13843,"73013","Chr osteomyelit-forearm","Chronic osteomyelitis, forearm"
13844,"73014","Chr osteomyelit-hand","Chronic osteomyelitis, hand"
13845,"73015","Chr osteomyelit-pelvis","Chronic osteomyelitis, pelvic region and thigh"
13846,"73016","Chr osteomyelit-l/leg","Chronic osteomyelitis, lower leg"
13847,"73017","Chr osteomyelit-ankle","Chronic osteomyelitis, ankle and foot"
13848,"73018","Chr osteomyelit NEC","Chronic osteomyelitis, other specified sites"
13849,"73019","Chr osteomyelit-mult","Chronic osteomyelitis, multiple sites"
13850,"73020","Osteomyelitis NOS-unspec","Unspecified osteomyelitis, site unspecified"
13851,"73021","Osteomyelitis NOS-shlder","Unspecified osteomyelitis, shoulder region"
13852,"73022","Osteomyelitis NOS-up/arm","Unspecified osteomyelitis, upper arm"
13853,"73023","Osteomyelit NOS-forearm","Unspecified osteomyelitis, forearm"
13854,"73024","Osteomyelitis NOS-hand","Unspecified osteomyelitis, hand"
13855,"73025","Osteomyelitis NOS-pelvis","Unspecified osteomyelitis, pelvic region and thigh"
13856,"73026","Osteomyelitis NOS-l/leg","Unspecified osteomyelitis, lower leg"
13857,"73027","Osteomyelitis NOS-ankle","Unspecified osteomyelitis, ankle and foot"
13858,"73028","Osteomyelit NOS-oth site","Unspecified osteomyelitis, other specified sites"
13859,"73029","Osteomyelitis NOS-mult","Unspecified osteomyelitis, multiple sites"
13860,"73030","Periostitis-unspec","Periostitis, without mention of osteomyelitis, site unspecified"
13861,"73031","Periostitis-shlder","Periostitis, without mention of osteomyelitis, shoulder region"
13862,"73032","Periostitis-up/arm","Periostitis, without mention of osteomyelitis, upper arm"
13863,"73033","Periostitis-forearm","Periostitis, without mention of osteomyelitis, forearm"
13864,"73034","Periostitis-hand","Periostitis, without mention of osteomyelitis, hand"
13865,"73035","Periostitis-pelvis","Periostitis, without mention of osteomyelitis, pelvic region and thigh"
13866,"73036","Periostitis-l/leg","Periostitis, without mention of osteomyelitis, lower leg"
13867,"73037","Periostitis-ankle","Periostitis, without mention of osteomyelitis, ankle and foot"
13868,"73038","Periostitis NEC","Periostitis, without mention of osteomyelitis, other specified sites"
13869,"73039","Periostitis-mult","Periostitis, without mention of osteomyelitis, multiple sites"
9951,"73080","Bone infect NEC-unspec","Other infections involving bone in diseases classified elsewhere, site unspecified"
9952,"73081","Bone infect NEC-shlder","Other infections involving bone in diseases classified elsewhere, shoulder region"
9953,"73082","Bone infect NEC-up/arm","Other infections involving bone in diseases classified elsewhere, upper arm"
9954,"73083","Bone infect NEC-forearm","Other infections involving bone in diseases classified elsewhere, forearm"
9955,"73084","Bone infect NEC-hand","Other infections involving bone in diseases classified elsewhere, hand"
9956,"73085","Bone infect NEC-pelvis","Other infections involving bone in diseases classified elsewhere, pelvic region and thigh"
9957,"73086","Bone infect NEC-l/leg","Other infections involving bone in diseases classified elsewhere, lower leg"
9958,"73087","Bone infect NEC-ankle","Other infections involving bone in diseases classified elsewhere, ankle and foot"
9959,"73088","Bone infect NEC-oth site","Other infections involving bone in diseases classified elsewhere, other specified sites"
12395,"99851","Infected postop seroma","Infected postoperative seroma"
9735,"73070","Polio osteopathy-unspec","Osteopathy resulting from poliomyelitis, site unspecified"
9736,"73071","Polio osteopathy-shlder","Osteopathy resulting from poliomyelitis, shoulder region"
9737,"73072","Polio osteopathy-up/arm","Osteopathy resulting from poliomyelitis, upper arm"
9738,"73073","Polio osteopathy-forearm","Osteopathy resulting from poliomyelitis, forearm"
9739,"73074","Polio osteopathy-hand","Osteopathy resulting from poliomyelitis, hand"
9740,"73075","Polio osteopathy-pelvis","Osteopathy resulting from poliomyelitis, pelvic region and thigh"
9741,"73076","Polio osteopathy-l/leg","Osteopathy resulting from poliomyelitis, lower leg"
9742,"73077","Polio osteopathy-ankle","Osteopathy resulting from poliomyelitis, ankle and foot"
9743,"73078","Polio osteopathy NEC","Osteopathy resulting from poliomyelitis, other specified sites"
9744,"73079","Polio osteopathy-mult","Osteopathy resulting from poliomyelitis, multiple sites"
12989,"78550","Shock NOS","Shock, unspecified"
12990,"78551","Cardiogenic shock","Cardiogenic shock"
12992,"78559","Shock w/o trauma NEC","Other shock without mention of trauma"
11337,"9670","Poisoning-barbiturates","Poisoning by barbiturates"
11338,"9671","Poisoning-chloral hydrat","Poisoning by chloral hydrate group"
11339,"9672","Poisoning-paraldehyde","Poisoning by paraldehyde"
11626,"99667","React-oth int ortho dev","Infection and inflammatory reaction due to other internal orthopedic device, implant, and graft"
11627,"99668","React-periton dialy cath","Infection and inflammatory reaction due to peritoneal dialysis catheter"
11628,"99669","React-int pros devic NEC","Infection and inflammatory reaction due to other internal prosthetic device, implant, and graft"
